{
    "lambda_icrr": 0.1,
    "mean_acc_ce": 0.5478395061728395,
    "std_acc_ce": 0.12311130738534934,
    "mean_acc_icrr": 0.5439814814814814,
    "std_acc_icrr": 0.10654475839783237,
    "mean_ess_ce": 16.075857162475586,
    "std_ess_ce": 3.324521064758301,
    "mean_ess_icrr": 14.067285537719727,
    "std_ess_icrr": 3.117933750152588,
    "p_acc": 0.6774927810201772,
    "p_ess": 0.00010609196033328772,
    "cohens_d_acc": -0.14383558059080423,
    "cohens_d_ess": 2.3533949851989746,
    "ess_reduction_pct": 12.494336128234863
}