{
    "0.0": {
        "fold_acc": [
            0.5069444444444444,
            0.4513888888888889,
            0.5885416666666666,
            0.5017361111111112,
            0.4461805555555556,
            0.3888888888888889,
            0.7204861111111112,
            0.7482638888888888,
            0.578125
        ],
        "fold_ess": [
            15.598309516906738,
            11.568860054016113,
            11.729337692260742,
            20.25327491760254,
            17.42913818359375,
            14.79289436340332,
            15.582894325256348,
            21.34064483642578,
            16.387367248535156
        ],
        "mean_acc": 0.5478395061728395,
        "std_acc": 0.116070453723896,
        "mean_ess": 16.075857162475586,
        "std_ess": 3.1343884468078613
    },
    "0.1": {
        "fold_acc": [
            0.4982638888888889,
            0.4704861111111111,
            0.5902777777777778,
            0.5190972222222222,
            0.4131944444444444,
            0.4253472222222222,
            0.6944444444444444,
            0.703125,
            0.5815972222222222
        ],
        "fold_ess": [
            13.667070388793945,
            9.34842300415039,
            10.448053359985352,
            16.182167053222656,
            15.284745216369629,
            12.861260414123535,
            14.327607154846191,
            19.94463539123535,
            14.541600227355957
        ],
        "mean_acc": 0.5439814814814814,
        "std_acc": 0.10045136155065283,
        "mean_ess": 14.067285537719727,
        "std_ess": 2.9396162033081055
    },
    "0.25": {
        "fold_acc": [
            0.4548611111111111,
            0.4965277777777778,
            0.5677083333333334,
            0.4600694444444444,
            0.4427083333333333,
            0.4201388888888889,
            0.734375,
            0.7100694444444444,
            0.5711805555555556
        ],
        "fold_ess": [
            11.679701805114746,
            7.4098639488220215,
            8.377860069274902,
            15.152491569519043,
            13.53691577911377,
            11.01519775390625,
            12.192360877990723,
            18.099891662597656,
            13.597513198852539
        ],
        "mean_acc": 0.5397376543209876,
        "std_acc": 0.10944523160485796,
        "mean_ess": 12.340198516845703,
        "std_ess": 3.0969176292419434
    },
    "0.5": {
        "fold_acc": [
            0.4479166666666667,
            0.4930555555555556,
            0.5190972222222222,
            0.4895833333333333,
            0.4027777777777778,
            0.3767361111111111,
            0.7239583333333334,
            0.7048611111111112,
            0.5677083333333334
        ],
        "fold_ess": [
            10.483274459838867,
            6.327132225036621,
            6.999645709991455,
            12.308992385864258,
            12.164640426635742,
            10.131488800048828,
            10.613195419311523,
            16.65813636779785,
            11.43709945678711
        ],
        "mean_acc": 0.5250771604938271,
        "std_acc": 0.1149542464880145,
        "mean_ess": 10.791510581970215,
        "std_ess": 2.8653807640075684
    },
    "1.0": {
        "fold_acc": [
            0.4409722222222222,
            0.4861111111111111,
            0.4427083333333333,
            0.4565972222222222,
            0.4166666666666667,
            0.4010416666666667,
            0.7204861111111112,
            0.7465277777777778,
            0.5572916666666666
        ],
        "fold_ess": [
            8.469196319580078,
            5.3559160232543945,
            5.788998603820801,
            10.096360206604004,
            10.358040809631348,
            7.806632995605469,
            9.179394721984863,
            14.082195281982422,
            9.587735176086426
        ],
        "mean_acc": 0.5187114197530864,
        "std_acc": 0.12252068422587407,
        "mean_ess": 8.969386100769043,
        "std_ess": 2.461704969406128
    }
}