{
    "selected_lambda": 0.25,
    "criterion": "tradeoff knee \u2014 max perpendicular distance from normalised diagonal",
    "knee_distances": {
        "0.1": 0.1061999983881984,
        "0.25": 0.17502611457738532,
        "0.5": -0.026771426129032088,
        "1.0": 0.0
    }
}