{
    "t_acc": 5.586349152092795,
    "p_acc": 0.005036446989225793,
    "cohens_d_acc": 2.49829129002556,
    "ci_acc": [
        0.07623513506096896,
        0.22688986493903102
    ],
    "t_ess": 7.450007073572122,
    "p_ess": 0.001734124368195666,
    "cohens_d_ess": 3.3317444498723083,
    "ci_ess": [
        9.396797130147089,
        20.561596729716193
    ]
}