{
    "ESS_CE_mean_fold": 39.63991928100586,
    "ESS_ICRR_mean_fold": 33.355106353759766,
    "ESS_CE_global": 41.96489334106445,
    "ESS_ICRR_global": 35.166927337646484
}