{
    "0.0": {
        "fold_acc": [
            0.6875,
            0.609375,
            0.5625,
            0.609375,
            0.59375
        ],
        "fold_ess": [
            49.31935119628906,
            52.55436706542969,
            53.53042221069336,
            56.41407012939453,
            53.46613693237305
        ]
    },
    "0.1": {
        "fold_acc": [
            0.796875,
            0.8046875,
            0.609375,
            0.640625,
            0.75
        ],
        "fold_ess": [
            38.30461120605469,
            40.25077438354492,
            42.10759735107422,
            46.64231872558594,
            43.40821838378906
        ]
    },
    "0.5": {
        "fold_acc": [
            0.75,
            0.828125,
            0.7578125,
            0.7421875,
            0.7421875
        ],
        "fold_ess": [
            41.485992431640625,
            35.50493621826172,
            39.79844665527344,
            39.680416107177734,
            33.91857147216797
        ]
    },
    "1.0": {
        "fold_acc": [
            0.5234375,
            0.390625,
            0.7578125,
            0.6796875,
            0.71875
        ],
        "fold_ess": [
            32.49866485595703,
            32.330623626708984,
            33.697513580322266,
            35.149253845214844,
            35.197513580322266
        ]
    }
}