{
    "0.0": {
        "mean_acc": 0.6125,
        "std_acc": 0.04122158111960287,
        "mean_ess": 53.05686569213867,
        "std_ess": 2.2752625942230225
    },
    "0.1": {
        "mean_acc": 0.7203125,
        "std_acc": 0.08064679937852462,
        "mean_ess": 42.142704010009766,
        "std_ess": 2.8340659141540527
    },
    "0.5": {
        "mean_acc": 0.7640625,
        "std_acc": 0.032551041649999474,
        "mean_ess": 38.077674865722656,
        "std_ess": 2.865783929824829
    },
    "1.0": {
        "mean_acc": 0.6140625,
        "std_acc": 0.13716222717096715,
        "mean_ess": 33.77471160888672,
        "std_ess": 1.2355871200561523
    }
}